Date__c,Status__c,Notes__c
2024-08-26,Present,Participated actively in discussion
2024-08-28,Present,Completed lab assignment
2024-08-30,Absent,Sick leave
2024-09-02,Present,Made up missed work
2024-09-04,Present,Good understanding of concepts
2024-09-06,Present,Asked insightful questions
2024-09-09,Present,Group presentation leader
2024-09-11,Present,Excellent participation
2024-09-13,Present,Submitted assignment early
2024-09-16,Present,Strong analytical skills
2024-09-18,Present,Contributed to class discussion
2024-09-20,Present,Completed reading assignment
2024-09-23,Present,Participated in group work
2024-09-25,Late,Arrived 10 minutes late
2024-09-27,Present,Caught up on material
2024-09-30,Present,Engaged in lecture
2024-10-02,Present,Completed lab exercise
2024-10-04,Present,Good note-taking
2024-10-07,Present,Asked relevant questions
2024-10-09,Present,Strong participation
2024-10-11,Present,Solved complex problems
2024-10-14,Present,Helped other students
2024-10-16,Present,Excellent problem-solving
2024-10-18,Present,Completed bonus problems
2024-10-21,Present,Outstanding performance
2024-10-23,Present,Active lab participation
2024-10-25,Present,Detailed lab notes
2024-10-28,Present,Good observation skills
2024-10-30,Present,Completed specimen analysis
2024-11-01,Present,Strong understanding
2024-11-04,Present,Careful lab technique
2024-11-06,Present,Accurate measurements
2024-11-08,Present,Good safety practices
2024-11-11,Present,Completed synthesis
2024-11-13,Present,Excellent lab report
2024-11-15,Present,Creative writing sample
2024-11-18,Present,Thoughtful analysis
2024-11-20,Present,Good peer feedback
2024-11-22,Present,Revised draft submitted
2024-11-25,Present,Final paper excellent
2024-11-27,Present,Complex calculations
2024-11-29,Present,Lab experiment success
2024-12-02,Present,Theoretical understanding
2024-12-04,Present,Problem set completed
2024-12-06,Present,Outstanding work
2024-12-09,Present,Creative project started
2024-12-11,Present,Good technique development
2024-12-13,Present,Artistic vision clear
2024-12-16,Present,Project progressing well
2024-12-18,Present,Final piece impressive
2024-12-20,Present,Engaged in debate
